{
  "epoch": 14,
  "val": {
    "accuracy": 0.7757009345794392,
    "auc": 0.8660483792701863,
    "precision": 0.7962962962962963,
    "recall": 0.7390625,
    "f1": 0.7666126418152349,
    "loss": 1.227331852172836
  }
}