{
  "epoch": 14,
  "val": {
    "accuracy": 0.8099688473520249,
    "auc": 0.869824825310559,
    "precision": 0.801829268292683,
    "recall": 0.821875,
    "f1": 0.8117283950617284,
    "loss": 1.0933689726215592
  }
}