{
  "epoch": 14,
  "val": {
    "accuracy": 0.7858255451713395,
    "auc": 0.8479255628881988,
    "precision": 0.7404479578392622,
    "recall": 0.878125,
    "f1": 0.8034310221586849,
    "loss": 0.70375513919046
  }
}